{"data": [{"x": [0.0, 0.10101010101010101, 0.20202020202020202, 0.30303030303030304, 0.40404040404040403, 0.5050505050505051, 0.6060606060606061, 0.7070707070707071, 0.8080808080808081, 0.9090909090909091, 1.0101010101010102, 1.1111111111111112, 1.2121212121212122, 1.3131313131313131, 1.4141414141414141, 1.5151515151515151, 1.6161616161616161, 1.7171717171717171, 1.8181818181818181, 1.9191919191919191, 2.0202020202020203, 2.121212121212121, 2.2222222222222223, 2.323232323232323, 2.4242424242424243, 2.525252525252525, 2.6262626262626263, 2.727272727272727, 2.8282828282828283, 2.929292929292929, 3.0303030303030303, 3.131313131313131, 3.2323232323232323, 3.3333333333333335, 3.4343434343434343, 3.5353535353535355, 3.6363636363636362, 3.7373737373737375, 3.8383838383838382, 3.9393939393939394, 4.040404040404041, 4.141414141414141, 4.242424242424242, 4.343434343434343, 4.444444444444445, 4.545454545454545, 4.646464646464646, 4.747474747474747, 4.848484848484849, 4.94949494949495, 5.05050505050505, 5.151515151515151, 5.252525252525253, 5.353535353535354, 5.454545454545454, 5.555555555555555, 5.656565656565657, 5.757575757575758, 5.858585858585858, 5.959595959595959, 6.0606060606060606, 6.161616161616162, 6.262626262626262, 6.363636363636363, 6.4646464646464645, 6.565656565656566, 6.666666666666667, 6.767676767676767, 6.8686868686868685, 6.96969696969697, 7.070707070707071, 7.171717171717171, 7.2727272727272725, 7.373737373737374, 7.474747474747475, 7.575757575757575, 7.6767676767676765, 7.777777777777778, 7.878787878787879, 7.979797979797979, 8.080808080808081, 8.181818181818182, 8.282828282828282, 8.383838383838384, 8.484848484848484, 8.585858585858587, 8.686868686868687, 8.787878787878787, 8.88888888888889, 8.98989898989899, 9.09090909090909, 9.191919191919192, 9.292929292929292, 9.393939393939394, 9.494949494949495, 9.595959595959595, 9.696969696969697, 9.797979797979798, 9.8989898989899, 10.0], "y": [1.0, 1.202020202020202, 1.404040404040404, 1.606060606060606, 1.808080808080808, 2.0101010101010104, 2.212121212121212, 2.4141414141414144, 2.616161616161616, 2.8181818181818183, 3.0202020202020203, 3.2222222222222223, 3.4242424242424243, 3.6262626262626263, 3.8282828282828283, 4.03030303030303, 4.232323232323232, 4.434343434343434, 4.636363636363637, 4.838383838383838, 5.040404040404041, 5.242424242424242, 5.444444444444445, 5.646464646464646, 5.848484848484849, 6.05050505050505, 6.252525252525253, 6.454545454545454, 6.656565656565657, 6.858585858585858, 7.0606060606060606, 7.262626262626262, 7.4646464646464645, 7.666666666666667, 7.8686868686868685, 8.070707070707071, 8.272727272727273, 8.474747474747474, 8.676767676767676, 8.878787878787879, 9.080808080808081, 9.282828282828282, 9.484848484848484, 9.686868686868687, 9.88888888888889, 10.09090909090909, 10.292929292929292, 10.494949494949495, 10.696969696969697, 10.8989898989899, 11.1010101010101, 11.303030303030303, 11.505050505050505, 11.707070707070708, 11.909090909090908, 12.11111111111111, 12.313131313131313, 12.515151515151516, 12.717171717171716, 12.919191919191919, 13.121212121212121, 13.323232323232324, 13.525252525252524, 13.727272727272727, 13.929292929292929, 14.131313131313131, 14.333333333333334, 14.535353535353535, 14.737373737373737, 14.93939393939394, 15.141414141414142, 15.343434343434343, 15.545454545454545, 15.747474747474747, 15.94949494949495, 16.15151515151515, 16.353535353535353, 16.555555555555557, 16.757575757575758, 16.95959595959596, 17.161616161616163, 17.363636363636363, 17.565656565656564, 17.767676767676768, 17.96969696969697, 18.171717171717173, 18.373737373737374, 18.575757575757574, 18.77777777777778, 18.97979797979798, 19.18181818181818, 19.383838383838384, 19.585858585858585, 19.78787878787879, 19.98989898989899, 20.19191919191919, 20.393939393939394, 20.595959595959595, 20.7979797979798, 21.0], "label": "y = 2x + 1", "color": "b"}], "title": "Simple Line Graph", "xlabel": "X-axis", "ylabel": "Y-axis"}